<?xml version="1.0" encoding="UTF-8"?>
<section name="Workbench">
	<section name="WorkbenchPreferenceDialogSettings">
		<item value="626" key="DIALOG_X_ORIGIN"/>
		<item value="136" key="DIALOG_Y_ORIGIN"/>
	</section>
	<section name="org.eclipse.ui.internal.QuickAccess">
		<item value="250" key="dialogHeight"/>
		<item value="350" key="dialogWidth"/>
		<list key="textEntries">
		</list>
		<list key="orderedElements">
		</list>
		<list key="orderedProviders">
		</list>
		<list key="textArray">
		</list>
	</section>
</section>
