<?xml version="1.0" encoding="UTF-8"?>
<section name="Workbench">
	<section name="org.eclipse.ui.texteditor.FindReplaceDialog">
		<item value="false" key="isRegEx"/>
		<item value="false" key="casesensitive"/>
		<item value="false" key="incremental"/>
		<item value="true" key="wrap"/>
		<item value="false" key="wholeword"/>
		<list key="findhistory">
		</list>
		<list key="replacehistory">
		</list>
	</section>
	<section name="org.eclipse.ui.texteditor.FindReplaceDialog_dialogBounds">
		<item value="329" key="DIALOG_WIDTH"/>
		<item value="1|맑은 고딕|9.0|0|WINDOWS|1|-30|0|0|0|400|0|0|0|1|0|0|0|0|맑은 고딕" key="DIALOG_FONT_NAME"/>
		<item value="436" key="DIALOG_HEIGHT"/>
		<item value="804" key="DIALOG_X_ORIGIN"/>
		<item value="233" key="DIALOG_Y_ORIGIN"/>
	</section>
</section>
