<?xml version="1.0" encoding="UTF-8"?>
<section name="Workbench">
	<item value="false" key="TypeHierarchyViewPart.qualifiednames"/>
	<item value="3" key="TypeHierarchyViewPart.orientation"/>
	<item value="false" key="TypeHierarchyViewPart.linkeditors"/>
	<item value="2" key="TypeHierarchyViewPart.hierarchyview"/>
	<section name="org.eclipse.ltk.ui.refactoring.settings">
		<item value="false" key="updateQualifiedNames"/>
		<item value="*" key="patterns"/>
		<item value="false" key="updateSimilarElements"/>
		<item value="1" key="updateSimilarElementsMatchStrategy"/>
		<item value="false" key="updateTextualMatches"/>
	</section>
	<section name="DialogBounds_SuperInterfaceSelectionDialog">
		<item value="420" key="DIALOG_WIDTH"/>
		<item value="1|맑은 고딕|9.0|0|WINDOWS|1|-30|0|0|0|400|0|0|0|1|0|0|0|0|맑은 고딕" key="DIALOG_FONT_NAME"/>
		<item value="658" key="DIALOG_HEIGHT"/>
		<item value="112" key="DIALOG_X_ORIGIN"/>
		<item value="-25" key="DIALOG_Y_ORIGIN"/>
	</section>
	<section name="org.eclipse.jdt.internal.ui.packageview.PackageExplorerPart">
		<item value="2" key="layout"/>
		<item value="true" key="group_libraries"/>
		<item value="&lt;?xml version=&quot;1.0&quot; encoding=&quot;UTF-8&quot;?&gt;&#x0D;&#x0A;&lt;packageExplorer group_libraries=&quot;1&quot; layout=&quot;2&quot; linkWithEditor=&quot;0&quot; rootMode=&quot;1&quot; workingSetName=&quot;Aggregate for window 1485415490618&quot;&gt;&#x0D;&#x0A;&lt;customFilters userDefinedPatternsEnabled=&quot;false&quot;&gt;&#x0D;&#x0A;&lt;xmlDefinedFilters&gt;&#x0D;&#x0A;&lt;child filterId=&quot;org.eclipse.jdt.ui.PackageExplorer.StaticsFilter&quot; isEnabled=&quot;false&quot;/&gt;&#x0D;&#x0A;&lt;child filterId=&quot;org.eclipse.buildship.ui.packageexplorer.filter.gradle.buildfolder&quot; isEnabled=&quot;true&quot;/&gt;&#x0D;&#x0A;&lt;child filterId=&quot;org.eclipse.mylyn.java.ui.MembersFilter&quot; isEnabled=&quot;false&quot;/&gt;&#x0D;&#x0A;&lt;child filterId=&quot;org.eclipse.jdt.ui.PackageExplorer.NonJavaProjectsFilter&quot; isEnabled=&quot;false&quot;/&gt;&#x0D;&#x0A;&lt;child filterId=&quot;org.eclipse.jdt.ui.PackageExplorer_patternFilterId_.*&quot; isEnabled=&quot;true&quot;/&gt;&#x0D;&#x0A;&lt;child filterId=&quot;org.eclipse.jdt.ui.PackageExplorer.NonSharedProjectsFilter&quot; isEnabled=&quot;false&quot;/&gt;&#x0D;&#x0A;&lt;child filterId=&quot;org.eclipse.jdt.ui.PackageExplorer.SyntheticMembersFilter&quot; isEnabled=&quot;true&quot;/&gt;&#x0D;&#x0A;&lt;child filterId=&quot;org.eclipse.jdt.ui.PackageExplorer.ContainedLibraryFilter&quot; isEnabled=&quot;false&quot;/&gt;&#x0D;&#x0A;&lt;child filterId=&quot;org.eclipse.jdt.internal.ui.PackageExplorer.HideInnerClassFilesFilter&quot; isEnabled=&quot;true&quot;/&gt;&#x0D;&#x0A;&lt;child filterId=&quot;org.eclipse.jdt.internal.ui.PackageExplorer.EmptyInnerPackageFilter&quot; isEnabled=&quot;true&quot;/&gt;&#x0D;&#x0A;&lt;child filterId=&quot;org.eclipse.m2e.MavenModuleFilter&quot; isEnabled=&quot;false&quot;/&gt;&#x0D;&#x0A;&lt;child filterId=&quot;org.eclipse.buildship.ui.packageexplorer.filter.gradle.subProject&quot; isEnabled=&quot;true&quot;/&gt;&#x0D;&#x0A;&lt;child filterId=&quot;org.eclipse.jdt.ui.PackageExplorer.ClosedProjectsFilter&quot; isEnabled=&quot;false&quot;/&gt;&#x0D;&#x0A;&lt;child filterId=&quot;org.eclipse.jdt.ui.PackageExplorer.EmptyLibraryContainerFilter&quot; isEnabled=&quot;true&quot;/&gt;&#x0D;&#x0A;&lt;child filterId=&quot;org.eclipse.jdt.ui.PackageExplorer.PackageDeclarationFilter&quot; isEnabled=&quot;true&quot;/&gt;&#x0D;&#x0A;&lt;child filterId=&quot;org.eclipse.jdt.ui.PackageExplorer.ImportDeclarationFilter&quot; isEnabled=&quot;true&quot;/&gt;&#x0D;&#x0A;&lt;child filterId=&quot;org.eclipse.jdt.ui.PackageExplorer.NonJavaElementFilter&quot; isEnabled=&quot;false&quot;/&gt;&#x0D;&#x0A;&lt;child filterId=&quot;org.eclipse.jdt.ui.PackageExplorer.LibraryFilter&quot; isEnabled=&quot;false&quot;/&gt;&#x0D;&#x0A;&lt;child filterId=&quot;org.eclipse.jdt.ui.PackageExplorer.CuAndClassFileFilter&quot; isEnabled=&quot;false&quot;/&gt;&#x0D;&#x0A;&lt;child filterId=&quot;org.eclipse.jdt.internal.ui.PackageExplorer.EmptyPackageFilter&quot; isEnabled=&quot;false&quot;/&gt;&#x0D;&#x0A;&lt;child filterId=&quot;org.eclipse.jdt.ui.PackageExplorer.NonPublicFilter&quot; isEnabled=&quot;false&quot;/&gt;&#x0D;&#x0A;&lt;child filterId=&quot;org.eclipse.jdt.ui.PackageExplorer.LocalTypesFilter&quot; isEnabled=&quot;false&quot;/&gt;&#x0D;&#x0A;&lt;child filterId=&quot;org.eclipse.jdt.ui.PackageExplorer.FieldsFilter&quot; isEnabled=&quot;false&quot;/&gt;&#x0D;&#x0A;&lt;/xmlDefinedFilters&gt;&#x0D;&#x0A;&lt;/customFilters&gt;&#x0D;&#x0A;&lt;/packageExplorer&gt;" key="memento"/>
		<item value="1" key="rootMode"/>
		<item value="false" key="linkWithEditor"/>
	</section>
	<section name="NewClassWizardPage">
		<item value="false" key="create_constructor"/>
		<item value="true" key="create_unimplemented"/>
	</section>
	<section name="OptionalMessageDialog.hide.">
		<item value="true" key="org.eclipse.jdt.ui.typecomment.deprecated"/>
	</section>
	<section name="DialogBounds_OverrideMethodDialog">
		<item value="681" key="DIALOG_WIDTH"/>
		<item value="1|맑은 고딕|9.0|0|WINDOWS|1|-30|0|0|0|400|0|0|0|1|0|0|0|0|맑은 고딕" key="DIALOG_FONT_NAME"/>
		<item value="617" key="DIALOG_HEIGHT"/>
		<item value="459" key="DIALOG_X_ORIGIN"/>
		<item value="104" key="DIALOG_Y_ORIGIN"/>
	</section>
	<section name="DialogBounds_GetterSetterTreeSelectionDialog">
		<item value="685" key="DIALOG_WIDTH"/>
		<item value="1|맑은 고딕|9.0|0|WINDOWS|1|-30|0|0|0|400|0|0|0|1|0|0|0|0|맑은 고딕" key="DIALOG_FONT_NAME"/>
		<item value="906" key="DIALOG_HEIGHT"/>
		<item value="457" key="DIALOG_X_ORIGIN"/>
		<item value="9" key="DIALOG_Y_ORIGIN"/>
	</section>
	<section name="org.eclipse.jdt.internal.ui.dialogs.OpenTypeSelectionDialog2">
		<item value="true" key="ShowStatusLine"/>
		<item value="&lt;?xml version=&quot;1.0&quot; encoding=&quot;UTF-8&quot;?&gt;&#x0D;&#x0A;&lt;History/&gt;" key="History"/>
	</section>
	<section name="DialogBounds_GenerateToStringDialog">
		<item value="596" key="DIALOG_WIDTH"/>
		<item value="1|맑은 고딕|9.0|0|WINDOWS|1|-30|0|0|0|400|0|0|0|1|0|0|0|0|맑은 고딕" key="DIALOG_FONT_NAME"/>
		<item value="883" key="DIALOG_HEIGHT"/>
		<item value="501" key="DIALOG_X_ORIGIN"/>
		<item value="-15" key="DIALOG_Y_ORIGIN"/>
	</section>
	<section name="RefactoringWizard.preview">
		<item value="600" key="width"/>
		<item value="400" key="height"/>
	</section>
	<section name="SourceActionDialog.methods">
		<item value="true" key="IgnoreDefault"/>
		<item value="false" key="SynchronizedModifier"/>
		<item value="false" key="Comments"/>
		<item value="1" key="VisibilityModifier"/>
		<item value="0" key="StringStyle"/>
		<item value="0" key="ToStringTemplateSelected"/>
		<item value="false" key="LimitElements"/>
		<item value="false" key="SkipNull"/>
		<item value="false" key="FinalModifier"/>
		<item value="10" key="LimitValue"/>
	</section>
	<section name="OverrideMethodDialog">
		<item value="true" key="showtypes"/>
	</section>
	<section name="RenameInformationPopup">
	</section>
	<section name="quick_assist_proposal_size">
	</section>
	<section name="NewPackageWizardPage">
		<item value="false" key="create_package_info_java"/>
	</section>
	<section name="completion_proposal_size">
	</section>
	<section name="AddGetterSetterDialog">
		<item value="true" key="SortOrdering"/>
		<item value="false" key="RemoveFinal"/>
	</section>
	<section name="JavaElementSearchActions">
	</section>
</section>
