<?xml version="1.0" encoding="UTF-8" standalone="no"?>
<qualifiedTypeNameHistroy>
<fullyQualifiedTypeName name="java.util.ListIterator"/>
<fullyQualifiedTypeName name="java.util.concurrent.SynchronousQueue"/>
<fullyQualifiedTypeName name="java.util.ArrayList"/>
<fullyQualifiedTypeName name="java.util.Scanner"/>
<fullyQualifiedTypeName name="java.util.LinkedList"/>
<fullyQualifiedTypeName name="java.util.Arrays"/>
<fullyQualifiedTypeName name="java.lang.Comparable"/>
<fullyQualifiedTypeName name="java.security.acl.Group"/>
<fullyQualifiedTypeName name="java.util.Collections"/>
<fullyQualifiedTypeName name="java.util.Comparator"/>
<fullyQualifiedTypeName name="javax.swing.RowFilter.Entry"/>
<fullyQualifiedTypeName name="java.lang.System"/>
<fullyQualifiedTypeName name="java.io.FileOutputStream"/>
<fullyQualifiedTypeName name="java.awt.List"/>
<fullyQualifiedTypeName name="javax.swing.Box"/>
<fullyQualifiedTypeName name="java.util.List"/>
<fullyQualifiedTypeName name="suUp4_2.Person"/>
<fullyQualifiedTypeName name="java.util.Iterator"/>
<fullyQualifiedTypeName name="java.util.Map"/>
<fullyQualifiedTypeName name="java.util.Map.Entry"/>
<fullyQualifiedTypeName name="java.util.Set"/>
<fullyQualifiedTypeName name="suUp4_2.Statistics"/>
</qualifiedTypeNameHistroy>
