<?xml version="1.0" encoding="UTF-8"?>
<section name="Workbench">
	<section name="org.eclipse.debug.ui.sourcelookup.SourceLookupDialog">
		<item value="613" key="DIALOG_WIDTH"/>
		<item value="1|맑은 고딕|9.0|0|WINDOWS|1|-30|0|0|0|400|0|0|0|1|0|0|0|0|맑은 고딕" key="DIALOG_FONT_NAME"/>
		<item value="478" key="DIALOG_HEIGHT"/>
		<item value="662" key="DIALOG_X_ORIGIN"/>
		<item value="205" key="DIALOG_Y_ORIGIN"/>
	</section>
	<section name="org.eclipse.debug.ui.SCOPED_SAVE_SELECTION_DIALOG">
		<item value="335" key="DIALOG_WIDTH"/>
		<item value="1|맑은 고딕|9.0|0|WINDOWS|1|-30|0|0|0|400|0|0|0|1|0|0|0|0|맑은 고딕" key="DIALOG_FONT_NAME"/>
		<item value="427" key="DIALOG_HEIGHT"/>
	</section>
</section>
