<?xml version="1.0" encoding="UTF-8" standalone="no"?>
<launchHistory>
<launchGroup id="org.eclipse.debug.ui.launchGroup.debug">
<mruHistory>
<launch memento="&lt;?xml version=&quot;1.0&quot; encoding=&quot;UTF-8&quot; standalone=&quot;no&quot;?&gt;&#13;&#10;&lt;launchConfiguration local=&quot;true&quot; path=&quot;suUp0410&quot;/&gt;&#13;&#10;"/>
<launch memento="&lt;?xml version=&quot;1.0&quot; encoding=&quot;UTF-8&quot; standalone=&quot;no&quot;?&gt;&#13;&#10;&lt;launchConfiguration local=&quot;true&quot; path=&quot;rensyu&quot;/&gt;&#13;&#10;"/>
<launch memento="&lt;?xml version=&quot;1.0&quot; encoding=&quot;UTF-8&quot; standalone=&quot;no&quot;?&gt;&#13;&#10;&lt;launchConfiguration local=&quot;true&quot; path=&quot;suUp0331&quot;/&gt;&#13;&#10;"/>
<launch memento="&lt;?xml version=&quot;1.0&quot; encoding=&quot;UTF-8&quot; standalone=&quot;no&quot;?&gt;&#13;&#10;&lt;launchConfiguration local=&quot;true&quot; path=&quot;setTest&quot;/&gt;&#13;&#10;"/>
<launch memento="&lt;?xml version=&quot;1.0&quot; encoding=&quot;UTF-8&quot; standalone=&quot;no&quot;?&gt;&#13;&#10;&lt;launchConfiguration local=&quot;true&quot; path=&quot;suUp0403_2&quot;/&gt;&#13;&#10;"/>
<launch memento="&lt;?xml version=&quot;1.0&quot; encoding=&quot;UTF-8&quot; standalone=&quot;no&quot;?&gt;&#13;&#10;&lt;launchConfiguration local=&quot;true&quot; path=&quot;suUp0403&quot;/&gt;&#13;&#10;"/>
<launch memento="&lt;?xml version=&quot;1.0&quot; encoding=&quot;UTF-8&quot; standalone=&quot;no&quot;?&gt;&#13;&#10;&lt;launchConfiguration local=&quot;true&quot; path=&quot;suUp0327_3&quot;/&gt;&#13;&#10;"/>
<launch memento="&lt;?xml version=&quot;1.0&quot; encoding=&quot;UTF-8&quot; standalone=&quot;no&quot;?&gt;&#13;&#10;&lt;launchConfiguration local=&quot;true&quot; path=&quot;suUp0327_2&quot;/&gt;&#13;&#10;"/>
<launch memento="&lt;?xml version=&quot;1.0&quot; encoding=&quot;UTF-8&quot; standalone=&quot;no&quot;?&gt;&#13;&#10;&lt;launchConfiguration local=&quot;true&quot; path=&quot;suUp0327&quot;/&gt;&#13;&#10;"/>
<launch memento="&lt;?xml version=&quot;1.0&quot; encoding=&quot;UTF-8&quot; standalone=&quot;no&quot;?&gt;&#13;&#10;&lt;launchConfiguration local=&quot;true&quot; path=&quot;TreeSetMember (1)&quot;/&gt;&#13;&#10;"/>
</mruHistory>
<favorites/>
</launchGroup>
<launchGroup id="org.eclipse.debug.ui.launchGroup.profile">
<mruHistory/>
<favorites/>
</launchGroup>
<launchGroup id="org.eclipse.ui.externaltools.launchGroup">
<mruHistory/>
<favorites/>
</launchGroup>
<launchGroup id="org.eclipse.debug.ui.launchGroup.run">
<mruHistory>
<launch memento="&lt;?xml version=&quot;1.0&quot; encoding=&quot;UTF-8&quot; standalone=&quot;no&quot;?&gt;&#13;&#10;&lt;launchConfiguration local=&quot;true&quot; path=&quot;suUp0410&quot;/&gt;&#13;&#10;"/>
<launch memento="&lt;?xml version=&quot;1.0&quot; encoding=&quot;UTF-8&quot; standalone=&quot;no&quot;?&gt;&#13;&#10;&lt;launchConfiguration local=&quot;true&quot; path=&quot;rensyu&quot;/&gt;&#13;&#10;"/>
<launch memento="&lt;?xml version=&quot;1.0&quot; encoding=&quot;UTF-8&quot; standalone=&quot;no&quot;?&gt;&#13;&#10;&lt;launchConfiguration local=&quot;true&quot; path=&quot;suUp0331&quot;/&gt;&#13;&#10;"/>
<launch memento="&lt;?xml version=&quot;1.0&quot; encoding=&quot;UTF-8&quot; standalone=&quot;no&quot;?&gt;&#13;&#10;&lt;launchConfiguration local=&quot;true&quot; path=&quot;setTest&quot;/&gt;&#13;&#10;"/>
<launch memento="&lt;?xml version=&quot;1.0&quot; encoding=&quot;UTF-8&quot; standalone=&quot;no&quot;?&gt;&#13;&#10;&lt;launchConfiguration local=&quot;true&quot; path=&quot;suUp0403_2&quot;/&gt;&#13;&#10;"/>
<launch memento="&lt;?xml version=&quot;1.0&quot; encoding=&quot;UTF-8&quot; standalone=&quot;no&quot;?&gt;&#13;&#10;&lt;launchConfiguration local=&quot;true&quot; path=&quot;suUp0403&quot;/&gt;&#13;&#10;"/>
<launch memento="&lt;?xml version=&quot;1.0&quot; encoding=&quot;UTF-8&quot; standalone=&quot;no&quot;?&gt;&#13;&#10;&lt;launchConfiguration local=&quot;true&quot; path=&quot;suUp0327_3&quot;/&gt;&#13;&#10;"/>
<launch memento="&lt;?xml version=&quot;1.0&quot; encoding=&quot;UTF-8&quot; standalone=&quot;no&quot;?&gt;&#13;&#10;&lt;launchConfiguration local=&quot;true&quot; path=&quot;suUp0327_2&quot;/&gt;&#13;&#10;"/>
<launch memento="&lt;?xml version=&quot;1.0&quot; encoding=&quot;UTF-8&quot; standalone=&quot;no&quot;?&gt;&#13;&#10;&lt;launchConfiguration local=&quot;true&quot; path=&quot;suUp0327&quot;/&gt;&#13;&#10;"/>
<launch memento="&lt;?xml version=&quot;1.0&quot; encoding=&quot;UTF-8&quot; standalone=&quot;no&quot;?&gt;&#13;&#10;&lt;launchConfiguration local=&quot;true&quot; path=&quot;TreeSetMember (1)&quot;/&gt;&#13;&#10;"/>
</mruHistory>
<favorites/>
</launchGroup>
</launchHistory>
