<?xml version="1.0" encoding="UTF-8"?>
<section name="Workbench">
	<section name="TaskSelectionDialogSection">
		<item value="false" key="OpenInBrowser"/>
		<item value="true" key="ShowCompletedTasks"/>
		<item value="Aggregate for window 1485415490618" key="WorkingSetName"/>
		<item value="true" key="IsUsingWindowWorkingSet"/>
		<item value="true" key="ShowStatusLine"/>
		<item value="&lt;?xml version=&quot;1.0&quot; encoding=&quot;UTF-8&quot;?&gt;&#x0D;&#x0A;&lt;History/&gt;" key="History"/>
		<section name="DialogBoundsSettings">
			<item value="600" key="DIALOG_WIDTH"/>
			<item value="1|맑은 고딕|9.0|0|WINDOWS|1|-30|0|0|0|400|0|0|0|1|0|0|0|0|맑은 고딕" key="DIALOG_FONT_NAME"/>
			<item value="500" key="DIALOG_HEIGHT"/>
			<item value="483" key="DIALOG_X_ORIGIN"/>
			<item value="185" key="DIALOG_Y_ORIGIN"/>
		</section>
	</section>
</section>
