<?xml version="1.0" encoding="UTF-8"?>
<section name="Workbench">
	<section name="org.eclipse.equinox.internal.p2.ui.dialogs.UpdateWizard.WizardSettings">
		<item value="883" key="DIALOG_WIDTH"/>
		<item value="1|맑은 고딕|9.0|0|WINDOWS|1|-30|0|0|0|400|0|0|0|1|0|0|0|0|맑은 고딕" key="DIALOG_FONT_NAME"/>
		<item value="652" key="DIALOG_HEIGHT"/>
		<item value="320" key="DIALOG_X_ORIGIN"/>
		<item value="84" key="DIALOG_Y_ORIGIN"/>
	</section>
	<section name="org.eclipse.equinox.internal.p2.ui.dialogs.UpdateWizard.ResolutionResultsPage">
		<item value="200" key="DetailsSashWeight"/>
		<item value="400" key="NameColumnWidth"/>
		<item value="200" key="VersionColumnWidth"/>
		<item value="200" key="IDColumnWidth"/>
		<item value="800" key="ListSashWeight"/>
	</section>
	<section name="org.eclipse.equinox.internal.p2.ui.dialogs.UpdateWizard.SelectableIUsPage">
		<item value="200" key="DetailsSashWeight"/>
		<item value="420" key="NameColumnWidth"/>
		<item value="140" key="VersionColumnWidth"/>
		<item value="280" key="IDColumnWidth"/>
		<item value="800" key="ListSashWeight"/>
	</section>
</section>
