<?xml version="1.0" encoding="UTF-8"?>
<section name="Workbench">
	<section name="RefactoringWizard.preview">
		<item value="600" key="width"/>
		<item value="400" key="height"/>
	</section>
	<section name="org.eclipse.ltk.ui.refactoring.settings">
		<item value="false" key="moveWizard.updateQualifiedNames"/>
		<item value="*" key="patterns"/>
	</section>
	<section name="RefactoringStatusDialog">
		<item value="816" key="DIALOG_WIDTH"/>
		<item value="1|맑은 고딕|9.0|0|WINDOWS|1|-30|0|0|0|400|0|0|0|1|0|0|0|0|맑은 고딕" key="DIALOG_FONT_NAME"/>
		<item value="506" key="DIALOG_HEIGHT"/>
	</section>
</section>
